INSERT INTO category (category_id, category_name)
     VALUES (1, 'Открытки'),
            (2, 'Рюкзаки и шопперы'),
            (3, 'Канцелярия'),
            (4, 'Мягкие игрушки'),
            (5, 'Стикеры и наклейки'),
	    (6, 'Брелки');

INSERT INTO product (product_id, product_name, price, description, category_id)
     VALUES ('ТКО8201', 'Открытка «Психотерапия не помогла»', 100, 'Оригинальный принт — авторские персонажи нашего бренда «Малиновый мерч». Красивое дополнение к подарку и симпатичный элемент декора в интерьер. Качественная и яркая.', 1),
	    ('ТКО8301', 'Открытка «Крысиный чат»', 100, 'Оригинальный принт — авторские персонажи нашего бренда «Малиновый мерч». Красивое дополнение к подарку и симпатичный элемент декора в интерьер. Качественная и яркая.', 1),
            ('ТКО8401', 'Открытка «Вход в дурку свободен»', 100, 'Оригинальный принт — авторские персонажи нашего бренда «Малиновый мерч». Красивое дополнение к подарку и симпатичный элемент декора в интерьер. Качественная и яркая.', 1),
            ('ТКО8501', 'Открытка «Малинковый чай»', 100, 'Оригинальный принт — авторские персонажи нашего бренда «Малиновый мерч». Красивое дополнение к подарку и симпатичный элемент декора в интерьер. Качественная и яркая.', 1),
            ('ТКО8601', 'Постер «Пикник»', 100, 'Эстетичный элемент декора в интерьер. Качественный и яркий постер.', 1),
            ('ТКО8701', 'Постер «шиба»', 120, 'Эстетичный элемент декора в интерьер. Качественный и яркий постер.', 1),
            ('ТКО6501', 'Постер «призраки в лесу»', 100, 'Постер в мистичной эстетике с авторскими персонажами Призраками', 1),
            ('ТКО0801', 'Открытка «магазин»', 100, 'Качественная и яркая открытка из плотного материала 15×10 см', 1),
            ('ТКО5401', 'Открытка «магия утра»', 100, 'Оригинальный принт — авторские персонажи нашего бренда «Малиновый мерч». Красивое дополнение к подарку и симпатичный элемент декора в интерьер. Качественная и яркая.', 1),
            ('ТКО5501', 'Открытка «валериана/ромашка»', 100, 'Оригинальный принт — авторские персонажи нашего бренда «Малиновый мерч». Красивое дополнение к подарку и симпатичный элемент декора в интерьер. Качественная и яркая.', 1),
            ('ТКО5601', 'Открытка «Превращаю твои деньги в мои»', 100, 'Оригинальный принт — авторский персонаж Синди. Красивое дополнение к подарку и симпатичный элемент декора в интерьер. Качественная и яркая.', 1),
            ('ТКО5701', 'Открытка «витамин Д»', 100, 'Оригинальный принт — авторский персонаж Сахарок. Красивое дополнение к подарку и симпатичный элемент декора в интерьер. Качественная и яркая.', 1),
            ('ТКО5801', 'Открытка «Ты мой рецепт счастья»', 100, 'Оригинальный принт — авторский персонаж Сахарок. Красивое дополнение к подарку и симпатичный элемент декора в интерьер. Качественная и яркая.', 1),
            ('ТКО5901', 'Открытка «5 утра»', 100, 'Оригинальный принт — авторский персонаж Синди. Красивое дополнение к подарку и симпатичный элемент декора в интерьер. Качественная и яркая.', 1),
            ('ТКО6001', 'Открытка «хотела быть загадочной»', 100, 'Оригинальный принт — авторский персонаж Лиса Фокси. Красивое дополнение к подарку и симпатичный элемент декора в интерьер. Качественная и яркая.', 1),
            ('ТКО1601', 'Открытка «мои планы»', 100, 'Оригинальный принт — авторский персонаж корги Персик. Красивое дополнение к подарку и симпатичный элемент декора в интерьер. Качественная и яркая.', 1),
            ('ТКО6401', 'Открытка «призраки у костра»', 100, 'Яркий и эстетичный постер с авторскими персонажами Призраками! Украсит интерьер и поднимет настроение.', 1),
            ('ТКО6601', 'Открытка «призрак»', 100, NULL, 1),
            ('ТКО2001', 'Открытка «кофейня»', 100, 'Качественная и яркая открытка из плотного материала 15×10 см', 1),
            ('ТКО2101', 'Открытка «день рождения»', 100, 'Качественная и яркая открытка из плотного материала 15×10 см', 1),
            ('ТКО2201', 'Открытка «фитнес»', 100, 'Качественная и яркая открытка из плотного материала 15×10 см', 1),
            ('ТКО2301', 'Открытка «любовь»', 100, 'Качественная и яркая открытка из плотного материала 15×10 см', 1),
            ('ТКО2401', 'Открытка «летняя прогулка»', 100, 'Качественная и яркая открытка из плотного материала 15×10 см', 1),
            ('ТКО2501', 'Открытка «сбор урожая»', 100, 'Качественная и яркая открытка из плотного материала 15×10 см', 1),
            ('ТКО2601', 'Открытка «занятому»', 100, 'Качественная и яркая открытка из плотного материала 15×10 см', 1),
            ('ТКО2701', 'Открытка «лаванда»', 100, 'Качественная и яркая открытка из плотного материала 15×10 см', 1),
            ('ТКО2801', 'Открытка «ночь»', 100, 'Оригинальный принт — авторские персонажи. Красивое дополнение к подарку и симпатичный элемент декора в интерьер. Открытка из плотного материала 15×10 см. Качественная и яркая.', 1),
            ('ТКО2901', 'Открытка «ангел»', 100, 'Качественная и яркая открытка из плотного материала 15×10 см', 1),
            ('ТКО3001', 'Открытка «пикник»', 100, 'Качественная и яркая открытка из плотного материала 15×10 см', 1),
            ('ТКО3101', 'Открытка «демон»', 100, 'Качественная и яркая открытка из плотного материала 15×10 см', 1),
            ('ТКО3201', 'Открытка «мечты»', 100, 'Качественная и яркая открытка из плотного материала 15×10 см', 1),
            ('TK4301', 'Открытка «подружка»', 100, 'Качественная и яркая открытка из плотного материала 15×10 см', 1),
            ('ТКО3401', 'Открытка «лодка»', 100, 'Качественная и яркая открытка из плотного материала 15×10 см', 1),
            ('ТКО3501', 'Открытка «урожай»', 100, 'Качественная и яркая открытка из плотного материала 15×10 см', 1),
            ('ТКО3601', 'Открытка «друзья»', 100, 'Качественная и яркая открытка из плотного материала 15×10 см', 1),
            ('ТКО3701', 'Открытка «Ты моя булочка»', 100, 'Квадратная открытка 10×10см из плотного материала. Принт авторский, персонаж собственной разработки. Идеально как дополнение к подарку, так и для коллекцинирования.', 1),
            ('ТКО3801', 'Открытка «А не надо было орать»', 100, 'Квадратная открытка 10×10см из плотного материала. Принт авторский, персонаж собственной разработки. Идеально как дополнение к подарку, так и для коллекцинирования.', 1),
            ('ТКО3901', 'Открытка «Здоровая психека, вы пропадаете»', 100, 'Квадратная открытка 10×10см из плотного материала. Принт авторский, персонаж собственной разработки. Идеально как дополнение к подарку, так и для коллекцинирования.', 1),
            ('ТКО4001', 'Открытка «Глупая работа»', 100, 'Квадратная открытка 10×10см из плотного материала. Принт авторский, персонаж собственной разработки. Идеально как дополнение к подарку, так и для коллекцинирования.', 1),
            ('ТКО4101', 'Открытка «Ничто так не утомляет»', 100, 'Квадратная открытка 10×10см из плотного материала. Принт авторский, персонаж собственной разработки. Идеально как дополнение к подарку, так и для коллекцинирования.', 1),
            ('ТКО4201', 'Открытка «Куда я жмав»', 100, 'Квадратная открытка 10×10см из плотного материала. Принт авторский, персонаж собственной разработки. Идеально как дополнение к подарку, так и для коллекцинирования.', 1),
            ('ТКО4301', 'Открытка «собрание дурилок»', 100, 'Квадратная открытка 10×10см из плотного материала. Принт авторский, персонаж собственной разработки. Идеально как дополнение к подарку, так и для коллекцинирования.', 1),
            ('ТКО4401', 'Открытка «Я проснулся, но чего мне это стоило»', 100, 'Квадратная открытка 10×10см из плотного материала. Принт авторский, персонаж собственной разработки. Идеально как дополнение к подарку, так и для коллекцинирования.', 1),
            ('ТКО4501', 'Открытка «Кнопка лечь спать»', 100, 'Уточнить по наличию — телеграм @artmalina_admin. Квадратная открытка 10×10см из плотного материала. Принт авторский, персонаж собственной разработки. Идеально как дополнение к подарку, так и для коллекцинирования.', 1),
            ('ТКО4601', 'Открытка «Персонажи в Санкт-Петербурге, экскурсия по каналам»', 100, 'Оригинальный принт — авторские персонажи. Красивое дополнение к подарку и симпатичный элемент декора в интерьер. Открытка из плотного материала 15×10 см. Качественная и яркая', 1),
            ('ТКО4701', 'Открытка «Персонажи в Санкт-Петербурге, Казанский Собор»', 100, 'Оригинальный принт — авторские персонажи. Красивое дополнение к подарку и симпатичный элемент декора в интерьер. Открытка из плотного материала 15×10 см. Качественная и яркая', 1),
            ('ТКО4801', 'Открытка «Персонажи в Санкт-Петербурге, разводные мосты»', 100, 'Оригинальный принт — авторские персонажи. Красивое дополнение к подарку и симпатичный элемент декора в интерьер. Открытка из плотного материала 15×10 см. Качественная и яркая', 1),
            ('ТКО4901', 'Открытка «С днём рождения»', 100, 'Оригинальный принт — авторские персонажи. Красивое дополнение к подарку и симпатичный элемент декора в интерьер. Открытка из плотного материала 15×10 см. Качественная и яркая', 1),
            ('ТКО5001', 'Открытка «Котики и падающая звезда»', 100, 'Оригинальный принт — авторские персонажи. Красивое дополнение к подарку и симпатичный элемент декора в интерьер. Открытка из плотного материала 15×10 см. Качественная и яркая', 1),
            ('ТКО5101', 'Открытка «Мой уровень поддержки»', 100, 'Оригинальный принт — авторские персонажи. Красивое дополнение к подарку и симпатичный элемент декора в интерьер. Открытка из плотного материала 15×10 см. Качественная и яркая', 1),
            ('ТКО5201', 'Открытка «Зря я сказал, что стрессоустойчивый»', 100, 'Оригинальный принт — авторские персонажи. Красивое дополнение к подарку и симпатичный элемент декора в интерьер. Открытка из плотного материала 15×10 см. Качественная и яркая', 1),
            ('ТКО5301', 'Открытка «люблю»', 100, 'Оригинальный принт — авторские персонажи. Красивое дополнение к подарку и симпатичный элемент декора в интерьер. Открытка из плотного материала 15×10 см. Качественная и яркая', 1),
            ('RK0101', 'Рюкзак «Котик рыжий» светлый', 1890, 'Стильный городской рюкзак с авторским принтом на каждый день. Водоотталкивающий, вместительный. Отлично держит форму. Есть отсек для ноутбука. Идеально как для учебы, работы, так и для путешествий. Можно взять в ручную кладь.', 2),
            ('RK0102', 'Рюкзак «Котик рыжий» темный', 1890, 'Стильный городской рюкзак с авторским принтом на каждый день. Водоотталкивающий, вместительный. Отлично держит форму. Есть отсек для ноутбука. Идеально как для учебы, работы, так и для путешествий. Можно взять в ручную кладь.', 2),
            ('RK0401', 'Рюкзак «Котик черно-белый»', 1890, 'Стильный городской рюкзак с авторским принтом на каждый день. Водоотталкивающий, вместительный. Отлично держит форму. Есть отсек для ноутбука. Идеально как для учебы, работы, так и для путешествий. Можно взять в ручную кладь.', 2),
            ('RK0501', 'Рюкзак «Клетка» светлый', 1890, 'Стильный городской рюкзак с авторским принтом на каждый день. Водоотталкивающий, вместительный. Отлично держит форму. Есть отсек для ноутбука. Идеально как для учебы, работы, так и для путешествий. Можно взять в ручную кладь.', 2),
            ('RK0502', 'Рюкзак «Клетка» темный', 1890, 'Стильный городской рюкзак с авторским принтом на каждый день. Водоотталкивающий, вместительный. Отлично держит форму. Есть отсек для ноутбука. Идеально как для учебы, работы, так и для путешествий. Можно взять в ручную кладь.', 2),
            ('RK1401', 'Плюшевый рюкзак-игрушка «Свинка»', 2390, 'Мягкий и пушистый как плюшевая игрушка, очень приятный на ощупь. Классно разбавит образ, внесет необычность и стиль. Вы будете выделяться!', 2),
            ('RK1502', 'Плюшевая сумка-игрушка', 1590, 'Идеальный выбор для тех, кто ценит оригинальность и яркие детали в своем стиле. Удивите друзей и подчеркните свою индивидуальность с этой забавной и практичной сумкой, которая обязательно привлечет внимание.', 2),
            ('RK2103', 'Шоппер с принтом в ассортименте №3', 990, 'Авторские шопперы с собственными персонажами. Уникальный принт добавит яркости в образ, а замочек обеспечит безопасность ваших вещей. Внутри вас ждет внутренний кармашек для мелочей. Есть крепление для брелочка.', 2),
            ('RK2106', 'Шоппер с принтом в ассортименте №6', 990, 'Авторские шопперы с собственными персонажами. Уникальный принт добавит яркости в образ, а замочек обеспечит безопасность ваших вещей. Внутри вас ждет внутренний кармашек для мелочей. Есть крепление для брелочка.', 2),
            ('RK2107', 'Шоппер с принтом в ассортименте №7', 990, 'Авторские шопперы с собственными персонажами. Уникальный принт добавит яркости в образ, а замочек обеспечит безопасность ваших вещей. Внутри вас ждет внутренний кармашек для мелочей. Есть крепление для брелочка.', 2),
            ('RK1601', 'Рюкзак «Шиба» фиолетовый', 1890, 'Стильный городской рюкзак с авторским принтом на каждый день. Водоотталкивающий, вместительный. Отлично держит форму. Есть отсек для ноутбука. Идеально как для учебы, работы, так и для путешествий. Можно взять в ручную кладь.', 2),
            ('RK1602', 'Рюкзак «Шиба» черный', 1890, 'Стильный городской рюкзак с авторским принтом на каждый день. Водоотталкивающий, вместительный. Отлично держит форму. Есть отсек для ноутбука. Идеально как для учебы, работы, так и для путешествий. Можно взять в ручную кладь.', 2),
            ('RK0301', 'Рюкзак «капибара»', 1890, 'Стильный городской рюкзак с авторским принтом на каждый день. Водоотталкивающий, вместительный. Отлично держит форму. Есть отсек для ноутбука. Идеально как для учебы, работы, так и для путешествий. Можно взять в ручную кладь.', 2),
            ('RK1101', 'Рюкзак «черный»', 1890, 'Стильный городской рюкзак с авторским принтом на каждый день. Водоотталкивающий, вместительный. Отлично держит форму. Есть отсек для ноутбука. Идеально как для учебы, работы, так и для путешествий. Можно взять в ручную кладь.', 2),
            ('BX0102', 'Гача бокс по знакам зодиака "Овен"', 2300, 'Гача бокс с наполнением из товаров нашей авторской коллекции. Каждый знак зодиака представлен одним из наших уникальных персонажей. Все иллюстрации в боксе нарисованы с нуля и являются частью Малиновой Вселенной. В набор входят предметы для творчества, учёбы, работы и декора, которые поднимают настроение и добавляют яркость в будни. Это готовый продуманный подарок себе и близким.', 3),
            ('BX0103', 'Гача бокс по знакам зодиака "Телец"', 2300, 'Гача бокс с наполнением из товаров нашей авторской коллекции. Каждый знак зодиака представлен одним из наших уникальных персонажей. Все иллюстрации в боксе нарисованы с нуля и являются частью Малиновой Вселенной. В набор входят предметы для творчества, учёбы, работы и декора, которые поднимают настроение и добавляют яркость в будни. Это готовый продуманный подарок себе и близким.', 3),
            ('BX0104', 'Гача бокс по знакам зодиака "Близнецы"', 2300, 'Гача бокс с наполнением из товаров нашей авторской коллекции. Каждый знак зодиака представлен одним из наших уникальных персонажей. Все иллюстрации в боксе нарисованы с нуля и являются частью Малиновой Вселенной. В набор входят предметы для творчества, учёбы, работы и декора, которые поднимают настроение и добавляют яркость в будни. Это готовый продуманный подарок себе и близким.', 3),
            ('BX0105', 'Гача бокс по знакам зодиака "Рак"', 2300, 'Гача бокс с наполнением из товаров нашей авторской коллекции. Каждый знак зодиака представлен одним из наших уникальных персонажей. Все иллюстрации в боксе нарисованы с нуля и являются частью Малиновой Вселенной. В набор входят предметы для творчества, учёбы, работы и декора, которые поднимают настроение и добавляют яркость в будни. Это готовый продуманный подарок себе и близким.', 3),
            ('BX0106', 'Гача бокс по знакам зодиака "Лев"', 2300, 'Гача бокс с наполнением из товаров нашей авторской коллекции. Каждый знак зодиака представлен одним из наших уникальных персонажей. Все иллюстрации в боксе нарисованы с нуля и являются частью Малиновой Вселенной. В набор входят предметы для творчества, учёбы, работы и декора, которые поднимают настроение и добавляют яркость в будни. Это готовый продуманный подарок себе и близким.', 3),
            ('BX0107', 'Гача бокс по знакам зодиака "Дева"', 2300, 'Гача бокс с наполнением из товаров нашей авторской коллекции. Каждый знак зодиака представлен одним из наших уникальных персонажей. Все иллюстрации в боксе нарисованы с нуля и являются частью Малиновой Вселенной. В набор входят предметы для творчества, учёбы, работы и декора, которые поднимают настроение и добавляют яркость в будни. Это готовый продуманный подарок себе и близким.', 3),
            ('BX0108', 'Гача бокс по знакам зодиака "Весы"', 2300, 'Гача бокс с наполнением из товаров нашей авторской коллекции. Каждый знак зодиака представлен одним из наших уникальных персонажей. Все иллюстрации в боксе нарисованы с нуля и являются частью Малиновой Вселенной. В набор входят предметы для творчества, учёбы, работы и декора, которые поднимают настроение и добавляют яркость в будни. Это готовый продуманный подарок себе и близким.', 3),
            ('BX0109', 'Гача бокс по знакам зодиака "Скорпион"', 2300, 'Гача бокс с наполнением из товаров нашей авторской коллекции. Каждый знак зодиака представлен одним из наших уникальных персонажей. Все иллюстрации в боксе нарисованы с нуля и являются частью Малиновой Вселенной. В набор входят предметы для творчества, учёбы, работы и декора, которые поднимают настроение и добавляют яркость в будни. Это готовый продуманный подарок себе и близким.', 3),
            ('BX01010', 'Гача бокс по знакам зодиака "Стрелец"', 2300, 'Гача бокс с наполнением из товаров нашей авторской коллекции. Каждый знак зодиака представлен одним из наших уникальных персонажей. Все иллюстрации в боксе нарисованы с нуля и являются частью Малиновой Вселенной. В набор входят предметы для творчества, учёбы, работы и декора, которые поднимают настроение и добавляют яркость в будни. Это готовый продуманный подарок себе и близким.', 3),
            ('BX01011', 'Гача бокс по знакам зодиака "Козерог"', 2300, 'Гача бокс с наполнением из товаров нашей авторской коллекции. Каждый знак зодиака представлен одним из наших уникальных персонажей. Все иллюстрации в боксе нарисованы с нуля и являются частью Малиновой Вселенной. В набор входят предметы для творчества, учёбы, работы и декора, которые поднимают настроение и добавляют яркость в будни. Это готовый продуманный подарок себе и близким.', 3),
            ('BX01012', 'Гача бокс по знакам зодиака "Водолей"', 2300, 'Гача бокс с наполнением из товаров нашей авторской коллекции. Каждый знак зодиака представлен одним из наших уникальных персонажей. Все иллюстрации в боксе нарисованы с нуля и являются частью Малиновой Вселенной. В набор входят предметы для творчества, учёбы, работы и декора, которые поднимают настроение и добавляют яркость в будни. Это готовый продуманный подарок себе и близким.', 3),
            ('BX01013', 'Гача бокс по знакам зодиака "Рыбы"', 2300, 'Гача бокс с наполнением из товаров нашей авторской коллекции. Каждый знак зодиака представлен одним из наших уникальных персонажей. Все иллюстрации в боксе нарисованы с нуля и являются частью Малиновой Вселенной. В набор входят предметы для творчества, учёбы, работы и декора, которые поднимают настроение и добавляют яркость в будни. Это готовый продуманный подарок себе и близким.', 3),
            ('BL0901', 'Скетчбук блокнот «Котик Ангел»', 590, 'Идеален для творчества: рисование, ведение ежедневника, скрапбукинг. Принты авторские. На обложке арты с собственными персонажами. Количество страниц: 96', 3),
            ('BL0601', 'Скетчбук блокнот «Котик в лаванде»', 590, 'Идеален для творчества: рисование, ведение ежедневника, скрапбукинг. Принты авторские. На обложке арты с собственными персонажами. Количество страниц: 96', 3),
            ('BL1001', 'Скетчбук блокнот «Объятия котиков»', 590, 'Идеален для творчества: рисование, ведение ежедневника, скрапбукинг. Принты авторские. На обложке арты с собственными персонажами. Количество страниц: 96', 3),
            ('BL0801', 'Скетчбук блокнот «Призрак»', 590, 'Идеален для творчества: рисование, ведение ежедневника, скрапбукинг. Принты авторские. На обложке арты с собственными персонажами. Количество страниц: 96', 3),
            ('BL0701', 'Скетчбук блокнот «Призраки»', 590, 'Идеален для творчества: рисование, ведение ежедневника, скрапбукинг. Принты авторские. На обложке арты с собственными персонажами. Количество страниц: 96', 3),
            ('BL1201', 'Скетчбук блокнот «ананас»', 590, 'Идеален для творчества: рисование, ведение ежедневника, скрапбукинг. Принты авторские. На обложке арты с собственными персонажами. Количество страниц: 96', 3),
            ('BL1101', 'Скетчбук блокнот «Шиба демон»', 550, 'Идеален для творчества: рисование, ведение ежедневника, скрапбукинг. Принты авторские. На обложке арты с собственными персонажами. Количество страниц: 96', 3),
            ('BL1301', 'Скетчбук блокнот «люблю»', 550, 'Идеален для творчества: рисование, ведение ежедневника, скрапбукинг. Принты авторские. На обложке арты с собственными персонажами. Количество страниц: 96', 3),
            ('SD0101', 'Акриловый стенд «Шиба Рокс»', 350, 'Стильный декор на твоем столе. Персонажи из Вселенной «Малинового мер теперь в виде мини-стендов — ярких, стойких и очень уютных. Классно смотрится на рабочем столе, пусть ваш любимчик всегда рядом и поднимет настроение.', 3),
            ('SD0501', 'Акриловый стенд «Жабка Фроги»', 350, 'Стильный декор на твоем столе. Персонажи из Вселенной «Малинового мер теперь в виде мини-стендов — ярких, стойких и очень уютных. Классно смотрится на рабочем столе, пусть ваш любимчик всегда рядом и поднимет настроение.', 3),
            ('SD1701', 'Акриловый стенд «Призраки в лесу»', 350, 'Стильный декор на твоем столе. Персонажи из Вселенной «Малинового мер теперь в виде мини-стендов — ярких, стойких и очень уютных. Классно смотрится на рабочем столе, пусть ваш любимчик всегда рядом и поднимет настроение.', 3),
            ('SD1601', 'Акриловый стенд «Призраки у костра»', 350, 'Стильный декор на твоем столе. Персонажи из Вселенной «Малинового мер теперь в виде мини-стендов — ярких, стойких и очень уютных. Классно смотрится на рабочем столе, пусть ваш любимчик всегда рядом и поднимет настроение.', 3),
            ('SD0201', 'Акриловый стенд «Белая кошка Синди»', 350, 'Стильный декор на твоем столе. Персонажи из Вселенной «Малинового мер теперь в виде мини-стендов — ярких, стойких и очень уютных. Классно смотрится на рабочем столе, пусть ваш любимчик всегда рядом и поднимет настроение.', 3),
            ('SD0301', 'Акриловый стенд «Лиса Фокси»', 350, 'Стильный декор на твоем столе. Персонажи из Вселенной «Малинового мер теперь в виде мини-стендов — ярких, стойких и очень уютных. Классно смотрится на рабочем столе, пусть ваш любимчик всегда рядом и поднимет настроение.', 3),
            ('SD0601', 'Акриловый стенд «Рейс в дурку»', 350, 'Стильный декор на твоем столе. Персонажи из Вселенной «Малинового мер теперь в виде мини-стендов — ярких, стойких и очень уютных. Классно смотрится на рабочем столе, пусть ваш любимчик всегда рядом и поднимет настроение.', 3),
            ('SD0901', 'Акриловый стенд «Крысы — не нам судить, но мы обсудим»', 350, 'Стильный декор на твоем столе. Персонажи из Вселенной «Малинового мер теперь в виде мини-стендов — ярких, стойких и очень уютных. Классно смотрится на рабочем столе, пусть ваш любимчик всегда рядом и поднимет настроение.', 3),
            ('SD1001', 'Акриловый стенд «Не надо было орать»', 350, 'Стильный декор на твоем столе. Персонажи из Вселенной «Малинового мер теперь в виде мини-стендов — ярких, стойких и очень уютных. Классно смотрится на рабочем столе, пусть ваш любимчик всегда рядом и поднимет настроение.', 3),
            ('SD1401', 'Акриловый стенд «Синди мем»', 350, 'Стильный декор на твоем столе. Персонажи из Вселенной «Малинового мер теперь в виде мини-стендов — ярких, стойких и очень уютных. Классно смотрится на рабочем столе, пусть ваш любимчик всегда рядом и поднимет настроение.', 3),
            ('MG3601', 'Утконос 20 см', 990, 'Мягкая игрушка с антистресс-шариками внутри. Милый подарок себе и близким.', 4),
            ('MG2501', 'Мягкая игрушка «Жабка»', 2390, 'Оригинальная мягкая игрушка с авторским персонажем «Жабка». Размер: 35 см. Приятный на ощупь материал, качественная прошивка деталей, яркий авторский дизайн. Идеально дополнит интерьер, поднимет настроение.', 4),
            ('MG3702', 'Выдра в ассортименте светло-коричневая', 1190, 'Очаровательная мягкая игрушка выдра. Пушистая и приятная на ощупь - с ней получаются уютные обнимашки! Милый подарок себе и близким.', 4),
            ('MG3703', 'Выдра в ассортименте темно-коричневая', 1190, 'Очаровательная мягкая игрушка выдра. Пушистая и приятная на ощупь - с ней получаются уютные обнимашки! Милый подарок себе и близким.', 4),
            ('MG5102', 'Игрушка с футболкой серый', 3000, 'Необычный котик с забавной мородочкой станет классным дополнением в интерьер. Необычная концепция - котик в футболке из натурального хлопка с фирменным принтом. Пушистый и приятный на ощупь. Идеальный спутник для просмотра фильмов, игр и сна.', 4),
            ('MG5103', 'Игрушка с футболкой рыжий', 3000, 'Необычный котик с забавной мородочкой станет классным дополнением в интерьер. Необычная концепция - котик в футболке из натурального хлопка с фирменным принтом. Пушистый и приятный на ощупь. Идеальный спутник для просмотра фильмов, игр и сна.', 4),
            ('MG5104', 'Игрушка с футболкой коричневый', 3000, 'Необычный котик с забавной мородочкой станет классным дополнением в интерьер. Необычная концепция - котик в футболке из натурального хлопка с фирменным принтом. Пушистый и приятный на ощупь. Идеальный спутник для просмотра фильмов, игр и сна.', 4),
            ('MG5302', 'Собачка 15 см. в ассортименте коричневый', 890, 'Внутри антистресс-шарики. Симпатичная мини-игрушка идеально подходит в подарок.', 4),
            ('MG5303', 'Собачка 15 см. в ассортименте черный', 890, 'Внутри антистресс-шарики. Симпатичная мини-игрушка идеально подходит в подарок.', 4),
            ('MG5401', 'Красная панда 15 см', 890, 'Внутри антистресс-шарики. Симпатичная мини-игрушка идеально подходит в подарок.', 4),
            ('MG5501', 'Лиса', 1490, 'Качественный материал, приятный на ощупь. Симпатичная игрушка идеально подходит в подарок.', 4),
            ('MG5601', 'Лева 30 см', 1490, 'Качественный материал, приятный на ощупь. Симпатичная игрушка идеально подходит в подарок.', 4),
            ('MG5701', 'Овечка', 1390, 'Качественный материал, приятный на ощупь. Симпатичная игрушка идеально подходит в подарок.', 4),
            ('MG5801', 'Крокодил', 1390, 'Качественный материал, приятный на ощупь. Симпатичная игрушка идеально подходит в подарок.', 4),
            ('MG5901', 'Красная панда', 1390, 'Качественный материал, приятный на ощупь. Симпатичная игрушка идеально подходит в подарок.', 4),
            ('MG5201', 'Косатка 15 см', 890, 'Внутри антистресс-шарики. Симпатичная мини-игрушка идеально подходит в подарок.', 4),
            ('MG3202', 'Крыска 20 см в ассортименте белый', 890, 'Крыса, которая влюбит с первого взгляда. Приятная на ощупь и очень мягкая! Забавные упругие хвостики, милые ушки и носик делают ее такой очаровательной. Идеально себе и в подарок подруге, коллеге.', 4),
            ('MG3203', 'Крыска 20 см в ассортименте серый', 890, 'Крыса, которая влюбит с первого взгляда. Приятная на ощупь и очень мягкая! Забавные упругие хвостики, милые ушки и носик делают ее такой очаровательной. Идеально себе и в подарок подруге, коллеге.', 4),
            ('MG3204', 'Крыска 20 см в ассортименте коричневый', 890, 'Крыса, которая влюбит с первого взгляда. Приятная на ощупь и очень мягкая! Забавные упругие хвостики, милые ушки и носик делают ее такой очаровательной. Идеально себе и в подарок подруге, коллеге.', 4),
            ('MG3402', 'Крыска 90 см в ассортименте белый', 1790, NULL, 4),
            ('MG3403', 'Крыска 90 см в ассортименте серый', 1790, NULL, 4),
            ('MG3404', 'Крыска 90 см в ассортименте коричневый', 1790, NULL, 4),
            ('MG3302', 'Крыска 35 см в ассортименте белый', 1290, 'Крыса, которая влюбит с первого взгляда. Приятная на ощупь и очень мягкая! Забавные упругие хвостики, милые ушки и носик делают ее такой очаровательной. Идеально себе и в подарок подруге, коллеге.', 4),
            ('MG3303', 'Крыска 35 см в ассортименте серый', 1290, 'Крыса, которая влюбит с первого взгляда. Приятная на ощупь и очень мягкая! Забавные упругие хвостики, милые ушки и носик делают ее такой очаровательной. Идеально себе и в подарок подруге, коллеге.', 4),
            ('MG3304', 'Крыска 35 см в ассортименте коричневый', 1290, 'Крыса, которая влюбит с первого взгляда. Приятная на ощупь и очень мягкая! Забавные упругие хвостики, милые ушки и носик делают ее такой очаровательной. Идеально себе и в подарок подруге, коллеге.', 4),
            ('MG2601', 'Мягкая игрушка «Опоссум» 30 см', 1190, 'Мягкая игрушка в виде забавного зверька Опоссума добавит юмор в повседневность и украсит интерьер. Это оригинальный подарок себе и друзьям.', 4),
            ('MG0301', 'Мягкая игрушка «Кот-рыба» 135 см', 2990, 'У которыбки кошачья мордочка и плавники как у рыбы. Милая особенность: глаза разного цвета! А материал пушистый и приятный на ощупь, с ней получатся самые уютные объятия. Её необычный дизайн не только украсит интерьер, но и поднимет настроение! Создавая атмосферу уюта и тепла в вашем доме. С которыбкой получаются классные фото. Подарите себе или подругам радость и незабываемую мягкую игрушку.', 4),
            ('MG0302', 'Мягкая игрушка «Кот-рыба» 80 см', 1690, 'У которыбки кошачья мордочка и плавники как у рыбы. Милая особенность: глаза разного цвета! А материал пушистый и приятный на ощупь, с ней получатся самые уютные объятия. Её необычный дизайн не только украсит интерьер, но и поднимет настроение! Создавая атмосферу уюта и тепла в вашем доме. С которыбкой получаются классные фото. Подарите себе или подругам радость и незабываемую мягкую игрушку.', 4),
            ('MG4804', 'Хани кэт мини в ассортименте красный', 740, 'Милая игрушка, которая точно поднимет настроение. Стильное украшение интерьера. Идеально себе и в подарок.', 4),
            ('MG4101', 'Мягкая игрушка «Муравей»', 890, 'Мягкая игрушка Муравей с антистресс-шариками внутри. Милый подарок себе и близким. Размер: 15 см', 4),
            ('MG3801', 'Мягкая игрушка «Жабка мини»', 890, 'Мягкая игрушка Лягушонок с антистресс-шариками внутри. Милый подарок себе и близким. Размер: 15 см', 4),
            ('MG3101', 'Коровка', 890, 'Пушистый материал приятный на ощупь. Компактный размер. Необычный подарок себе и близким.', 4),
            ('MG2401', 'Мягкая игрушка «Коровка» 35 см', 1490, 'Плюшевая коровка — это отличный подарок и украшение в интерьер.', 4),
            ('MG1502', 'Мягкая игрушка «Капибара в хлебе»', 1690, 'Плюшевая, мягкая, идельная! Размер: 30, 40 см. Капибара в хлебе смотрится необычно и мило, она станет верным другом и добавит в вашу жизнь нотки уюта и радости. Мягкий и приятный на ощупь материал делает капибару идеальной для обнимашек и отдыха после долгого дня. Её очаровательный дизайн с кусочком хлеба украсит ваш интерьер и поднимет настроение. Эта игрушка не только создаёт атмосферу тепла, но и станет украшением для фото или уютных вечеров за чтением. Капибара идеально подходит для подарка подругам, напоминая им о вашей дружбе и заботе.', 4),
            ('MG2201', 'Мягкая игрушка «Летучая мышь»', 990, 'Мягкая игрушка в виде летучей мышки — это стильное украшение интерьера и милый подарок. Летучие мыши забавной круглой формы с большими пушистыми ушками, очень приятные на ощупь и необычные.', 4),
            ('MG2901', 'Мягкая игрушка «Утконос»', 1290, 'Мягкая игрушка Утконос - новый тренд. Станет идеальным компаньоном для просмотра сериалов, украсит кровать и подарит самые уютные обнимашки. Необычный подарок близким.', 4),
            ('MG1001', 'Мягкая игрушка «Капибара с пледом» 40 см', 1990, 'Это игрушка 3-в-1: и подушка, и игрушка, и плед! Размер: 40 см. Плед 1,5-спальный', 4),
            ('MG1401', 'Мягкая игрушка «Свинка с крыльями»', 890, 'Плюшевая, мягкая, идельная!', 4),
            ('MG5001', 'Кот-акула', 740, 'Мягкая игрушка котик в костюме акулы. Размер: 23 см. Очаровательный подарок себе и близким.', 4),
            ('MG2701', 'Мягкая игрушка «Барашек»', 890, 'Милая игрушка, которая точно поднимет настроение. Антистресс-шарики внутри. Идеально себе и в подарок.', 4),
            ('MG3001', 'Капибара с челкой', 640, 'Забавная капибара с челкой - необычный подарок себе и близким: компактный размер, стильный дизайн, уникальный презент', 4),
            ('MG0201', 'Мягкая игрушка «Летучая мышь» белый', 790, NULL, 4),
            ('SP5501', 'Cтикерпак А6 «Синди» для оформления', 140, 'Стикеры с авторским персонажем Синди уникальные и красивые. Идеально впишутся в коллекцию наклеек и подойдут для оформления ежедневника. Стильно смотрятся на телефоне и ноутбуке. Поднимают настроение.', 5),
            ('SP4001', 'Cтикерпак А6 «Синди»', 140, 'Стикеры с авторским персонажем Синди уникальные и красивые. Идеально впишутся в коллекцию наклеек и подойдут для оформления ежедневника. Стильно смотрятся на телефоне и ноутбуке. Поднимают настроение.', 5),
            ('SP5801', 'Cтикерпак А6 «Фенек» для оформления', 140, 'Стикеры с авторскими персонажами. Идеально впишутся в коллекцию наклеек и подойдут для оформления ежедневника. Стильно смотрятся на телефоне и ноутбуке. Поднимают настроение.', 5),
            ('SP5701', 'Cтикерпак А6 «бумер бультерьер» для оформления', 140, 'Стикеры с авторским персонажем бультерьером Бумером уникальные и красивые. Идеально впишутся в коллекцию наклеек и подойдут для оформления ежедневника. Стильно смотрятся на телефоне и ноутбуке. Поднимают настроение.', 5),
            ('SP5601', 'Cтикерпак А6 «Хэппи котик чб» для оформления', 140, 'Стикеры с авторским персонажем Хэппи уникальные и красивые. Идеально впишутся в коллекцию наклеек и подойдут для оформления ежедневника. Стильно смотрятся на телефоне и ноутбуке. Поднимают настроение.', 5),
            ('SP5401', 'Cтикерпак А6 «лиса Фокси» для оформления', 140, 'Стикеры с авторским персонажем Фокси уникальные и красивые. Идеально впишутся в коллекцию наклеек и подойдут для оформления ежедневника. Стильно смотрятся на телефоне и ноутбуке. Поднимают настроение.', 5),
            ('SP4901', 'Стикерпак А6 «Сурок Сурен»', 140, 'Стикеры с авторскими персонажами уникальные и красивые. Идеально впишутся в коллекцию наклеек и подойдут для оформления ежедневника. Стильно смотрятся на телефоне и ноутбуке. Поднимают настроение.', 5),
            ('SP2401', 'Стикерпак А6 «Шиба»', 140, 'Новинка. Стикеры в обновленном «Kawai» стиле! Формат А6. Бумажная приятная на ощупь текстура. Идеально для декорирования ежедневника, телефона и наушников.', 5),
            ('SP5301', 'Стикерпак А6 «Призраки» для оформления', 140, 'Стикеры с авторскими персонажами Призраки уникальные и красивые. Идеально впишутся в коллекцию наклеек и подойдут для оформления ежедневника. Стильно смотрятся на телефоне и ноутбуке. Поднимают настроение.', 5),
            ('SP5201', 'Cтикерпак А6 «шиба рокс» для оформления', 140, 'Стикеры с авторским персонажем Шиба уникальные и красивые. Идеально впишутся в коллекцию наклеек и подойдут для оформления ежедневника. Стильно смотрятся на телефоне и ноутбуке. Поднимают настроение.', 5),
            ('SP5101', 'Cтикерпак А6 «Юки» для оформления', 140, 'Стикеры с авторским персонажем Юки уникальные и красивые. Идеально впишутся в коллекцию наклеек и подойдут для оформления ежедневника. Стильно смотрятся на телефоне и ноутбуке. Поднимают настроение.', 5),
            ('SP5001', 'Cтикерпак А6 «Юки»', 140, 'Стикеры с авторскимм персонажами уникальные и красивые. Идеально впишутся в коллекцию наклеек и подойдут для оформления ежедневника. Стильно смотрятся на телефоне и ноутбуке. Поднимают настроение.', 5),
            ('SP4801', 'Cтикерпак А6 «Сурен Сурок» для оформления', 140, 'Стикеры с авторским персонажем Сурком уникальные и красивые. Идеально впишутся в коллекцию наклеек и подойдут для оформления ежедневника. Стильно смотрятся на телефоне и ноутбуке. Поднимают настроение.', 5),
            ('SP4701', 'Cтикерпак А6 «Персик» для оформления', 140, 'Стикеры с авторскими персонажами уникальные и красивые. Идеально впишутся в коллекцию наклеек и подойдут для оформления ежедневника. Стильно смотрятся на телефоне и ноутбуке. Поднимают настроение.', 5),
            ('SP4601', 'Cтикерпак А6 «Сахарок» для оформления', 140, 'Стикеры с авторскими персонажами уникальные и красивые. Идеально впишутся в коллекцию наклеек и подойдут для оформления ежедневника. Стильно смотрятся на телефоне и ноутбуке. Поднимают настроение.', 5),
            ('SP4401', 'Cтикерпак А6 «Фенек» для оформления', 140, 'Стикеры с авторскими персонажами уникальные и красивые. Идеально впишутся в коллекцию наклеек и подойдут для оформления ежедневника. Стильно смотрятся на телефоне и ноутбуке. Поднимают настроение.', 5),
            ('SP4501', 'Cтикерпак А6 «ежик» для оформления', 140, 'Стикеры с авторскими персонажами уникальные и красивые. Идеально впишутся в коллекцию наклеек и подойдут для оформления ежедневника. Стильно смотрятся на телефоне и ноутбуке. Поднимают настроение.', 5),	
            ('SP2601', 'Cтикерпак А6 «сахарок»', 140, 'Новинка. Стикеры в обновленном «Kawai» стиле! Формат А6. Бумажная приятная на ощупь текстура. Идеально для декорирования ежедневника, телефона и наушников.', 5),	
            ('SP2901', 'Cтикерпак А6 «крысы»', 140, 'Новинка. Стикеры в обновленном «Kawai» стиле! Формат А6. Бумажная приятная на ощупь текстура. Идеально для декорирования ежедневника, телефона и наушников.', 5),	
            ('SP2801', 'Cтикерпак А6 «жабка»', 140, 'Новинка. Стикеры в обновленном «Kawai» стиле! Формат А6. Бумажная приятная на ощупь текстура. Идеально для декорирования ежедневника, телефона и наушников.', 5),	
            ('SP2701', 'Cтикерпак А6 «призраки»', 140, 'Новинка. Стикеры в обновленном «Kawai» стиле! Формат А6. Бумажная приятная на ощупь текстура. Идеально для декорирования ежедневника, телефона и наушников.', 5),	
            ('SP2501', 'Cтикерпак А6 «котик чб»', 140, 'Новинка. Стикеры в обновленном «Kawai» стиле! Формат А6. Бумажная приятная на ощупь текстура. Идеально для декорирования ежедневника, телефона и наушников.', 5),	
            ('SP3701', 'Cтикерпак А6 «енот»', 140, 'Новинка. Стикеры в обновленном «Kawai» стиле! Формат А6. Бумажная приятная на ощупь текстура. Идеально для декорирования ежедневника, телефона и наушников.', 5),	
            ('SP3801', 'Cтикерпак А6 «бультерьер»', 140, 'Новинка. Стикеры в обновленном «Kawai» стиле! Формат А6. Бумажная приятная на ощупь текстура. Идеально для декорирования ежедневника, телефона и наушников.', 5),	
            ('SP3901', 'Cтикерпак А6 «лиса»', 140, 'Новинка. Стикеры в обновленном «Kawai» стиле! Формат А6. Бумажная приятная на ощупь текстура. Идеально для декорирования ежедневника, телефона и наушников.', 5),
            ('SP5901', 'Cтикерпак А5 «Шиба с подписями»', 170, 'Стикеры с авторским персонажем Шибой Роксом в обновленном дизайне. Идеально впишутся в коллекцию наклеек и подойдут для оформления ежедневника. Стильно смотрятся на телефоне и ноутбуке. Поднимают настроение.', 5),	
            ('ST0701', 'Стикер 3D «Фроги, Сахарок и Хэппи в кофейне»', 90, 'размер 4×4 см, качественный, объемный, яркий. Отлично подходит для украшения телефона, ноутбука, ежедневника.', 5),
            ('ST1201', 'Стикер 3D «мемы чб»', 90, 'размер 4×4 см, качественный, объемный, яркий. Отлично подходит для украшения телефона, ноутбука, ежедневника.', 5),
            ('ST1301', 'Стикер 3D «Фроги, Сахарок и Персик»', 90, 'размер 4×4 см, качественный, объемный, яркий. Отлично подходит для украшения телефона, ноутбука, ежедневника.', 5),	
            ('ST1401', 'Стикер 3D «Персик»', 90, 'размер 4×4 см, качественный, объемный, яркий. Отлично подходит для украшения телефона, ноутбука, ежедневника.', 5),
            ('ST0301', 'Стикер 3D Фигурный №1', 90, 'размер 4×4 см, качественный, объемный, яркий. Отлично подходит для украшения телефона, ноутбука, ежедневника.', 5),
            ('ST0302', 'Стикер 3D Фигурный №2', 90, 'размер 4×4 см, качественный, объемный, яркий. Отлично подходит для украшения телефона, ноутбука, ежедневника.', 5),
            ('ST0303', 'Стикер 3D Фигурный №3', 90, 'размер 4×4 см, качественный, объемный, яркий. Отлично подходит для украшения телефона, ноутбука, ежедневника.', 5),
            ('ST0502', 'Стикер 3D Призраки', 90, 'размер 4×4 см, качественный, объемный, яркий. Отлично подходит для украшения телефона, ноутбука, ежедневника.', 5),
            ('ST0601', 'Стикер 3D Сахарок и Синди', 90, 'размер 4×4 см, качественный, объемный, яркий. Отлично подходит для украшения телефона, ноутбука, ежедневника.', 5),
            ('ST0801', 'Стикер 3D «Шиба демон»', 90, 'размер 4×4 см, качественный, объемный, яркий. Отлично подходит для украшения телефона, ноутбука, ежедневника.', 5),
            ('ST0901', 'Стикер 3D «Синди и нервный срыв»', 90, 'размер 4×4 см, качественный, объемный, яркий. Отлично подходит для украшения телефона, ноутбука, ежедневника.', 5),
            ('SP3601', 'Стикерпак квадратный «Лиса»', 170, 'Стикеры с авторскими персонажами уникальные и красивые. Идеально впишутся в коллекцию наклеек и подойдут для оформления ежедневника. Стильно смотрятся на телефоне и ноутбуке. Поднимают настроение.', 5),
            ('SP2101', 'Стикерпак квадратный «Котик и вкусняшки»', 170, 'Стикеры с авторским персонажаем Рыжим котиком Сахарком уникальные и красивые. Идеально впишутся в коллекцию наклеек и подойдут для оформления ежедневника. Стильно смотрятся на телефоне и ноутбуке. Поднимают настроение.', 5),
            ('SP3301', 'Стикерпак квадратный «Жабка»', 170, 'Стикеры с авторскими персонажами уникальные и красивые. Идеально впишутся в коллекцию наклеек и подойдут для оформления ежедневника. Стильно смотрятся на телефоне и ноутбуке. Поднимают настроение.', 5),
            ('SP3101', 'Стикерпак квадратный «Котики»', 170, 'Стикеры с авторскими персонажами уникальные и красивые. Идеально впишутся в коллекцию наклеек и подойдут для оформления ежедневника. Стильно смотрятся на телефоне и ноутбуке. Поднимают настроение.', 5),
            ('SP1301', 'Стикерпак квадратный «Котик рыжий»', 170, 'Стикеры с авторскими персонажами уникальные и красивые. Идеально впишутся в коллекцию наклеек и подойдут для оформления ежедневника. Стильно смотрятся на телефоне и ноутбуке. Поднимают настроение.', 5),
            ('SP1101', 'Стикерпак квадратный «призраки»', 170, 'Стикеры с авторскими персонажами уникальные и красивые. Идеально впишутся в коллекцию наклеек и подойдут для оформления ежедневника. Стильно смотрятся на телефоне и ноутбуке. Поднимают настроение.', 5),
            ('SP0701', 'Стикерпак «Заметки»', 190, 'Стикерпак формата А5, наклейки приятные на ощупь. Отлично клеятся, подходят для оформления ежедневника, ноутбука, телефона. При заказе ты получишь в подарок яркий мини постер с нашими персонажами.', 5),
            ('SP0401', 'Стикерпак «Заметки»', 190, 'Стикерпак формата А5, матовый, наклейки приятные на ощупь. Отлично клеятся, подходят для оформления ежедневника, ноутбука, телефона.', 5),
            ('SP0101', 'Стикерпак «Котик рыжий»', 190, 'Стикерпак формата А5, наклейки приятные на ощупь. Отлично клеятся, подходят для оформления ежедневника, ноутбука, телефона. При заказе ты получишь в подарок яркий мини постер с нашими персонажами.', 5),
            ('SP0201', 'Стикерпак «Котик чб»', 190, 'Стикерпак формата А5, наклейки приятные на ощупь. Отлично клеятся, подходят для оформления ежедневника, ноутбука, телефона. При заказе ты получишь в подарок яркий мини постер с нашими персонажами.', 5),
            ('SP0301', 'Стикерпак «пес Буля»', 190, 'Стикерпак формата А5, наклейки приятные на ощупь. Отлично клеятся, подходят для оформления ежедневника, ноутбука, телефона. При заказе ты получишь в подарок яркий мини постер с нашими персонажами.', 5),
            ('SP0501', 'Стикерпак «Сурок»', 190, 'Стикерпак формата А5, наклейки приятные на ощупь. Отлично клеятся, подходят для оформления ежедневника, ноутбука, телефона. При заказе ты получишь в подарок яркий мини постер с нашими персонажами.', 5),
            ('KR0201', 'Наклейка на карту «Призраки» 1', 90, 'Наклейка с виниловым покрытием - не выцветает и не стирается.', 5),
            ('KR0202', 'Наклейка на карту «Призраки» 2', 90, 'Наклейка с виниловым покрытием - не выцветает и не стирается.', 5),
            ('SP4402', 'Стикерпак-закладка «Призраки» 1', 120, 'Новинка. Необычный формат стикеров идеален для любителей креативных вещей и творчества! Каждый арт отрисован с нуля.', 5),
            ('SP4403', 'Стикерпак-закладка «Призраки» 2', 120, 'Новинка. Необычный формат стикеров идеален для любителей креативных вещей и творчества! Каждый арт отрисован с нуля.', 5),
            ('ST2701', 'Стикер 3D «Не надо было орать»', 90, NULL, 5),
            ('KR6101', 'Акриловый брелок на телефон Гача', 350, 'Акриловый брелок на телефон с ярким рисунком, можно повесить на ключи, рюкзак. Классный подарок для коллекционирования. Гача акриловый брелок двусторонний - выпадет один из пяти вариантов случайным образом.', 6),
            ('BR4202', 'Брелок «Лисичка» в ассортименте рыжий', 400, 'Милое украшение сумки. Очаровательная Лиса. Два вида крепления: кольцо и карабин', 6),
            ('BR4203', 'Брелок «Лисичка» в ассортименте белый', 400, 'Милое украшение сумки. Очаровательная Лиса. Два вида крепления: кольцо и карабин', 6),
            ('BR4401', 'Брелок «Цыпленок»', 400, 'Милое украшение сумки. Очаровательный цыпленок. Пушистый', 6),
            ('BR4302', 'Брелок «Мишка» в ассортименте светлый', 400, 'Милое украшение сумки. Очаровательные мишки. Два вида крепления: кольцо и карабин', 6),
            ('BR4303', 'Брелок «Мишка» в ассортименте темный', 400, 'Милое украшение сумки. Очаровательные мишки. Два вида крепления: кольцо и карабин', 6),
            ('BR4102', 'Брелок «Свинка» в ассортименте розовый', 400, 'Милое украшение сумки. Очаровательные Хрюши. Два вида крепления: кольцо и карабин', 6),
            ('BR4103', 'Брелок «Свинка» в ассортименте коричневый', 400, 'Милое украшение сумки. Очаровательные Хрюши. Два вида крепления: кольцо и карабин', 6),
            ('BR4104', 'Брелок «Свинка» в ассортименте белый', 400, 'Милое украшение сумки. Очаровательные Хрюши. Два вида крепления: кольцо и карабин', 6),
            ('BR4002', 'Брелок «Слон с цветочком» в ассортименте розовый', 400, 'Милое украшение сумки. Два вида крепления: кольцо и карабин', 6),
            ('BR4003', 'Брелок «Слон с цветочком» в ассортименте голубой', 400, 'Милое украшение сумки. Два вида крепления: кольцо и карабин', 6),
            ('BR4004', 'Брелок «Слон с цветочком» в ассортименте белый', 400, 'Милое украшение сумки. Два вида крепления: кольцо и карабин', 6),
            ('BR2402', 'Брелок «Летучая мышь» в ассортименте розовый', 400, 'Милое украшение сумки.', 6),
            ('BR2403', 'Брелок «Летучая мышь» в ассортименте белый', 400, 'Милое украшение сумки.', 6),
            ('BR2404', 'Брелок «Летучая мышь» в ассортименте фиолетовый', 400, 'Милое украшение сумки.', 6),
            ('MG2103', 'Таракан', 790, 'Милый тараканчик с пушистыми крылышками — необычный подарок для себя или подруги! Таракан-брелочек 12 см. Удобно крепится на сумку. Брелок интерактивный — потяните за бабочку и крылья начнут двигаться.', 6),
            ('BR2601', 'Брелок парный «Выдры»', 590, 'Украшение сумочки.', 6),
            ('BR2501', 'Брелок «Лиса»', 400, 'Украшение сумки.', 6),
            ('KR5901', 'Акриловый брелок «Крыски»', 350, 'Акриловый брелок на телефон с ярким рисунком, можно повесить на ключи, рюкзак. Отличное дополнение к подарку', 6),
            ('KR6001', 'Акриловый брелок «стать невыносимым»', 350, 'Акриловый брелок на телефон с ярким рисунком, можно повесить на ключи, рюкзак. Отличное дополнение к подарку', 6),
            ('KR5601', 'Акриловый брелок «сахарок и клоун»', 350, 'Акриловый брелок на телефон с ярким рисунком, можно повесить на ключи, рюкзак. Отличное дополнение к подарку', 6),
            ('KR5801', 'Акриловый брелок «завтра уволюсь»', 350, 'Акриловый брелок на телефон с ярким рисунком, можно повесить на ключи, рюкзак. Отличное дополнение к подарку', 6),
            ('KR5701', 'Акриловый брелок «не надо было орать»', 350, 'Акриловый брелок на телефон с ярким рисунком, можно повесить на ключи, рюкзак. Отличное дополнение к подарку', 6),
            ('KR4601', 'Акриловый брелок «вход в дурку»', 350, 'Акриловый брелок на телефон с ярким рисунком, можно повесить на ключи, рюкзак. Отличное дополнение к подарку', 6),
            ('2601', 'Акриловый брелок «призраки»', 350, 'Акриловый брелок на телефон с ярким рисунком, можно повесить на ключи, рюкзак. Отличное дополнение к подарку', 6),
            ('KR5501', 'Акриловый брелок «призраки в лесу»', 350, 'Акриловый брелок на телефон с ярким рисунком, можно повесить на ключи, рюкзак. Отличное дополнение к подарку', 6),
            ('KR5401', 'Акриловый брелок «котики в сердечке яркие»', 350, 'Акриловый брелок на телефон с ярким рисунком, можно повесить на ключи, рюкзак. Отличное дополнение к подарку', 6),
            ('KR5301', 'Акриловый брелок «котики в сердечке нежные»', 350, 'Акриловый брелок на телефон с ярким рисунком, можно повесить на ключи, рюкзак. Отличное дополнение к подарку', 6),
            ('KR5201', 'Акриловый брелок «крысиный чатик»', 350, 'Акриловый брелок на телефон с ярким рисунком, можно повесить на ключи, рюкзак. Отличное дополнение к подарку', 6),
            ('KR5101', 'Акриловый брелок «Превращаю твои деньги»', 350, 'Акриловый брелок на телефон с ярким рисунком, можно повесить на ключи, рюкзак. Отличное дополнение к подарку', 6),
            ('KR5001', 'Акриловый брелок «Магия утра»', 350, 'Акриловый брелок на телефон с ярким рисунком, можно повесить на ключи, рюкзак. Отличное дополнение к подарку', 6),
            ('BR1101', 'Брелок на телефон «Сурок» с кофе', 290, 'Брелок для телефона — это классный аксессуар на каждый день. Смотрится симпатично и надежно крепится. Такой милый аксессуар будет поднимать настроение и разбавлять повседневность!', 6),
            ('BR1102', 'Брелок на телефон «Сурок» с листиками', 290, 'Брелок для телефона — это классный аксессуар на каждый день. Смотрится симпатично и надежно крепится. Такой милый аксессуар будет поднимать настроение и разбавлять повседневность!', 6),
            ('BR1701', 'Брелок на телефон «корги»', 290, 'Брелок для телефона — это классный аксессуар на каждый день. Смотрится симпатично и надежно крепится. Такой милый аксессуар будет поднимать настроение и разбавлять повседневность!', 6),
            ('BR1501', 'Брелок на телефон  «Котик недоволен»', 290, 'Брелок для телефона — это классный аксессуар на каждый день. Смотрится симпатично и надежно крепится. Такой милый аксессуар будет поднимать настроение и разбавлять повседневность!', 6);


INSERT INTO client (client_id, client_name, city, birth_date)
     VALUES 
	(1,'Анисимова Елизавета Львовна', 'Санкт-Петербург', '01.01.1991'),
	(2,'Тарасова Валерия Георгиевна', 'Санкт-Петербург','04.07.2007'),
	(3,'Орехова Кира Владимировна', 'Челябинск','11.04.2005'),
	(4,'Тихонова Виктория Ивановна', 'Владивосток','16.03.1993'),
	(5,'Сорокина Дарья Филипповна', 'Казань','14.03.2004'),
	(6,'Соколова Кира Егоровна', 'Санкт-Петербург','16.01.2008'),
	(7,'Касаткина Эмилия Эмировна', 'Челябинск','06.11.2011'),
	(8,'Зайцева Алиса Александровна', 'Владивосток','21.04.2011'),
	(9,'Абрамов Тимур Михайлович', 'Санкт-Петербург','10.07.1995'),
	(10,'Юдин Даниил Романович', 'Москва','04.07.1994'),
	(11,'Ульянов Борис Русланович', 'Санкт-Петербург','25.09.1996'),
	(12,'Нечаев Владимир Артёмович', 'Санкт-Петербург','09.06.1997'),
	(13,'Аксенова Алиса Сергеевна', 'Челябинск','26.02.1994'),
	(14,'Королев Андрей Станиславович', 'Казань','14.12.1986'),
	(15,'Крючкова Анастасия Ивановна', 'Казань','18.01.2009'),
	(16,'Степанов Дмитрий Максимович', 'Санкт-Петербург','03.03.2005'),
	(17,'Сергеева Ева Артёмовна', 'Санкт-Петербург','31.07.2010'),
	(18,'Ларина Анастасия Денисовна', 'Москва','30.10.2008'),
	(19,'Демидова Дарья Глебовна', 'Владивосток','30.10.2008'),
	(20,'Королев Николай Тимофеевич', 'Москва','18.06.2002'),
	(21,'Кулешов Кирилл Алексеевич', 'Санкт-Петербург','08.10.2006'),
	(22,'Евдокимов Матвей Александрович', 'Казань','05.07.2003'),
	(23,'Потапов Фёдор Александрович', 'Москва','26.04.2002'),
	(24,'Борисов Михаил Михайлович', 'Санкт-Петербург','15.03.1989'),
	(25,'Гладков Андрей Семёнович', 'Москва','11.10.1999'),
	(26,'Крючков Тимофей Иванович', 'Санкт-Петербург','05.10.2008'),
	(27,'Смирнова Милана Степановна', 'Москва','09.10.1987'),
	(28,'Анохин Даниль Владимирович', 'Санкт-Петербург','24.12.2011'),
	(29,'Романова София Богдановна', 'Москва','30.09.1987'),
	(30,'Соловьев Артём Александрович', 'Челябинск','13.06.1990'),
	(31,'Кулаков Давид Даниилович', 'Челябинск','16.12.2008'),
	(32,'Кононова Кристина Тимуровна', 'Москва','23.09.2005'),
	(33,'Полякова Марта Васильевна', 'Екатеринбург','13.03.1998'),
	(34,'Суворова Алиса Егоровна', 'Санкт-Петербург','01.02.1992'),
	(35,'Корнилова Арина Данииловна', 'Санкт-Петербург','10.05.1990'),
	(36,'Марков Михаил Михайлович', 'Санкт-Петербург','13.02.1998'),
	(37,'Денисова Елизавета Вадимовна', 'Санкт-Петербург','06.06.1994'),
	(38,'Мартынова Кристина Мироновна', 'Москва','17.04.1988'),
	(39,'Сафонов Иван Дмитриевич', 'Москва','18.01.1991'),
	(40,'Голубева Амалия Александровна', 'Казань','16.06.2007'),
	(41,'Белова Ксения Дмитриевна', 'Екатеринбург','04.03.2000'),
	(42,'Зверева Вера Антоновна', 'Москва','31.08.1993'),
	(43,'Дружинин Артём Арсенович', 'Санкт-Петербург','20.01.2008'),
	(44,'Астахов Николай Фёдорович', 'Санкт-Петербург','27.05.1999'),
	(45,'Корнеева Айлин Захаровна', 'Москва','26.10.1999'),
	(46,'Ушаков Давид Степанович', 'Санкт-Петербург','28.02.2004'),
	(47,'Ковалева Софья Данииловна', 'Москва','06.01.2008'),
	(48,'Астахова Елизавета Павловна', 'Челябинск','24.08.1986'),
	(49,'Белоусова Алиса Ивановна', 'Санкт-Петербург','08.10.2008'),
	(50,'Акимова Ника Вадимовна', 'Казань','22.11.2009'),
	(51,'Андреева Мирослава Львовна', 'Санкт-Петербург','20.04.2005'),
	(52,'Губанов Александр Михайлович', 'Москва','18.12.2010'),
	(53,'Белов Марк Дмитриевич', 'Москва','09.10.1991'),
	(54,'Шишкина Алиса Кирилловна', 'Казань','13.10.1989'),
	(55,'Кудрявцев Дмитрий Тимурович', 'Екатеринбург','03.01.1987'),
	(56,'Уварова Виктория Сергеевна', 'Екатеринбург','07.09.1995'),
	(57,'Смирнов Григорий Александрович', 'Челябинск','22.04.1996'),
	(58,'Яковлева Аиша Руслановна', 'Екатеринбург','16.09.2011'),
	(59,'Ефимова Мария Денисовна', 'Челябинск','24.03.2001'),
	(60,'Егорова Ксения Егоровна', 'Владивосток','16.07.1999'),
	(61,'Любимов Всеволод Михайлович', 'Санкт-Петербург','12.12.2003'),
	(62,'Кузнецов Никита Павлович', 'Владивосток','21.09.1994'),
	(63,'Абрамов Александр Елисеевич', 'Екатеринбург','12.01.2006'),
	(64,'Данилов Павел Дмитриевич', 'Казань','15.04.1994'),
	(65,'Ситников Кирилл Арсентьевич', 'Челябинск','21.07.1997'),
	(66,'Шарова Валерия Артёмовна', 'Челябинск','04.09.1985'),
	(67,'Николаева Елизавета Кирилловна', 'Казань','08.06.1988');


INSERT INTO purchase (purchase_id, purchase_date, client_id)
     VALUES 
    (1, '16.02.2026', 18),
    (2, '22.01.2026', 7),
    (3, '14.02.2026', 35),
    (4, '18.01.2026', 42),
    (5, '23.02.2026', 4),
    (6, '13.03.2026', 44),
    (7, '20.03.2026', 44),
    (8, '14.01.2026', 64),
    (9, '26.03.2026', 6),
    (10, '24.03.2026', 48),
    (11, '18.02.2026', 36),
    (12, '01.03.2026', 64),
    (13, '27.03.2026', 23),
    (14, '14.01.2026', 39),
    (15, '01.01.2026', 37),
    (16, '29.03.2026', 57),
    (17, '01.01.2026', 18),
    (18, '06.02.2026', 17),
    (19, '14.12.2025', 42),
    (20, '17.01.2026', 38),
    (21, '05.03.2026', 1),
    (22, '09.03.2026', 63),
    (23, '03.02.2026', 35),
    (24, '11.01.2026', 63),
    (25, '12.02.2026', 50),
    (26, '21.02.2026', 35),
    (27, '30.01.2026', 6),
    (28, '29.01.2026', 10),
    (29, '23.12.2025', 5),
    (30, '12.12.2025', 29),
    (31, '10.01.2026', 64),
    (32, '11.04.2026', 1),
    (33, '17.02.2026', 22),
    (34, '30.12.2025', 11),
    (35, '19.12.2025', 32),
    (36, '14.02.2026', 65),
    (37, '16.02.2026', 35),
    (38, '28.03.2026', 25),
    (39, '04.03.2026', 40),
    (40, '08.04.2026', 57),
    (41, '23.02.2026', 2),
    (42, '21.01.2026', 61),
    (43, '01.04.2026', 40),
    (44, '26.03.2026', 24),
    (45, '11.04.2026', 50),
    (46, '17.02.2026', 32),
    (47, '19.02.2026', 24),
    (48, '28.01.2026', 38),
    (49, '11.02.2026', 52),
    (50, '05.01.2026', 18),
    (51, '28.01.2026', 45),
    (52, '09.01.2026', 33),
    (53, '24.12.2025', 14),
    (54, '23.03.2026', 15),
    (55, '18.02.2026', 52),
    (56, '05.03.2026', 67),
    (57, '18.12.2025', 54),
    (58, '14.02.2026', 64),
    (59, '31.01.2026', 35),
    (60, '23.02.2026', 36),
    (61, '05.04.2026', 64),
    (62, '03.04.2026', 40),
    (63, '01.01.2026', 67),
    (64, '16.01.2026', 11),
    (65, '28.03.2026', 43),
    (66, '20.02.2026', 35),
    (67, '15.01.2026', 63),
    (68, '02.04.2026', 2),
    (69, '15.03.2026', 21),
    (70, '02.03.2026', 6),
    (71, '29.01.2026', 49),
    (72, '14.12.2025', 57),
    (73, '06.01.2026', 16),
    (74, '17.03.2026', 22),
    (75, '09.03.2026', 15),
    (76, '01.01.2026', 58),
    (77, '01.01.2026', 19),
    (78, '17.12.2025', 60),
    (79, '14.02.2026', 11),
    (80, '24.02.2026', 9),
    (81, '12.02.2026', 4),
    (82, '30.03.2026', 24),
    (83, '21.12.2025', 47),
    (84, '02.04.2026', 66),
    (85, '12.12.2025', 40),
    (86, '03.02.2026', 17),
    (87, '15.12.2025', 5),
    (88, '08.03.2026', 14),
    (89, '29.12.2025', 6),
    (90, '06.02.2026', 6),
    (91, '17.02.2026', 17),
    (92, '11.02.2026', 63),
    (93, '31.12.2025', 50),
    (94, '24.03.2026', 25),
    (95, '09.04.2026', 10),
    (96, '29.12.2025', 19),
    (97, '03.04.2026', 1),
    (98, '08.04.2026', 33),
    (99, '14.12.2025', 38),
    (100, '19.12.2025', 61),
    (101, '28.02.2026', 57),
    (102, '01.04.2026', 62),
    (103, '28.02.2026', 40),
    (104, '01.02.2026', 45),
    (105, '14.12.2025', 52),
    (106, '28.02.2026', 40),
    (107, '02.02.2026', 41),
    (108, '29.01.2026', 45),
    (109, '17.01.2026', 17),
    (110, '20.03.2026', 24),
    (111, '21.02.2026', 7),
    (112, '06.03.2026', 19),
    (113, '21.12.2025', 34),
    (114, '21.01.2026', 13),
    (115, '22.12.2025', 11),
    (116, '02.02.2026', 24),
    (117, '23.01.2026', 58),
    (118, '26.01.2026', 31),
    (119, '10.02.2026', 48),
    (120, '22.12.2025', 62);

INSERT INTO purchase_details (purchase_id, product_id, amount)
     VALUES 
    (106, 'SP3601', 3),
    (102, 'MG1001', 1),
    (38, 'BX0102', 2),
    (105, 'ТКО5301', 5),
    (37, 'BR1101', 4),
    (50, 'SP5201', 1),
    (4, 'SP4401', 5),
    (57, 'ТКО3701', 5),
    (48, 'ТКО5801', 2),
    (52, 'BR1701', 4),
    (16, 'SP0401', 2),
    (60, 'SP0501', 2),
    (60, 'ST0801', 1),
    (84, 'SP4403', 5),
    (83, 'BR2404', 2),
    (1, 'BR4003', 1),
    (89, 'SP5001', 5),
    (14, 'MG5601', 1),
    (45, 'ТКО5501', 2),
    (112, 'MG3702', 2),
    (36, 'SP4403', 2),
    (36, 'ТКО3201', 4),
    (80, 'SP5601', 3),
    (30, 'ST1401', 5),
    (104, 'ST0303', 1),
    (85, 'BR4203', 3),
    (104, 'BL0601', 1),
    (100, 'SP4403', 3),
    (85, 'ТКО3801', 5),
    (29, 'ТКО1601', 3),
    (12, 'BX0108', 1),
    (1, 'ТКО6501', 3),
    (54, 'RK0401', 2),
    (85, 'MG5201', 4),
    (96, 'SP2701', 1),
    (1, 'SP4801', 3),
    (80, 'SD1701', 4),
    (71, 'MG2401', 3),
    (3, 'ТКО3801', 1),
    (98, 'ТКО2801', 1),
    (60, 'BL1201', 1),
    (3, 'ST0302', 4),
    (47, 'BR4003', 2),
    (101, 'MG1502', 3),
    (25, 'SP3801', 3),
    (103, 'MG5104', 5),
    (98, 'ТКО3701', 2),
    (115, 'ТКО2501', 3),
    (50, 'ТКО2101', 3),
    (74, 'MG3402', 3),
    (67, 'RK2107', 1),
    (20, 'SP5201', 5),
    (11, 'RK1502', 1),
    (54, 'BR1501', 3),
    (40, 'SP5601', 4),
    (58, 'ST2701', 3),
    (25, 'ТКО4601', 5),
    (64, 'ТКО8601', 4),
    (32, 'MG1401', 2),
    (63, 'ST1401', 5),
    (80, 'ТКО4101', 3),
    (33, 'MG5401', 4),
    (116, 'MG2601', 5),
    (10, 'ТКО2201', 5),
    (53, 'MG3001', 3),
    (42, 'BR4002', 3),
    (51, 'ТКО1601', 4),
    (8, 'KR5501', 3),
    (92, 'ТКО5301', 5),
    (110, 'MG3302', 1),
    (90, 'ТКО3001', 2),
    (114, 'SP4501', 1),
    (85, 'SP0701', 1),
    (110, 'MG3703', 3),
    (54, 'BL1301', 1),
    (46, 'ST2701', 4),
    (14, 'RK1502', 3),
    (108, 'ТКО2801', 5),
    (66, 'BX01010', 5),
    (92, 'KR0202', 3),
    (22, 'RK0101', 5),
    (111, 'SP2101', 4),
    (103, 'SP5701', 4),
    (110, 'SD0201', 4),
    (91, 'ТКО5601', 2),
    (2, 'SP1301', 2),
    (120, 'SP5001', 5),
    (72, 'SP5801', 4),
    (87, 'MG2103', 4),
    (9, 'SP4402', 3),
    (97, 'MG0302', 3),
    (100, 'RK1401', 5),
    (109, 'SP5601', 2),
    (79, 'BR4004', 5),
    (113, 'RK1101', 3),
    (55, 'ТКО5601', 2),
    (41, 'MG3302', 5),
    (58, 'KR4601', 3),
    (7, 'SP0701', 3),
    (22, 'ТКО2501', 5),
    (21, 'SD0201', 4),
    (20, 'ТКО0801', 1),
    (38, 'KR5101', 4),
    (17, 'SP3301', 5),
    (24, 'ST2701', 3),
    (59, 'ТКО5801', 1),
    (18, 'MG4101', 4),
    (75, 'ТКО5201', 1),
    (45, 'BR4004', 4),
    (94, 'SP1101', 3),
    (87, 'RK1601', 1),
    (5, 'SP2401', 5),
    (23, 'ST0901', 2),
    (63, 'MG3101', 2),
    (115, 'MG3601', 1),
    (73, 'ST0301', 2),
    (106, 'MG5201', 3),
    (4, 'SD1701', 3),
    (52, 'SP0701', 2),
    (111, 'BR2402', 5),
    (27, 'RK2103', 2),
    (36, 'ST0303', 2),
    (37, 'SD0901', 5),
    (91, 'MG3404', 2),
    (108, 'KR5901', 5),
    (45, 'BX0105', 5),
    (70, 'ТКО5601', 5),
    (30, '2601', 2),
    (104, 'ТКО5301', 2),
    (83, 'ТКО3801', 4),
    (12, 'KR5901', 5),
    (80, 'MG0302', 1),
    (50, 'ТКО4801', 2),
    (45, 'SP3701', 3),
    (107, 'ТКО2201', 1),
    (80, 'ST0901', 2),
    (42, 'BX0103', 4),
    (54, 'BR2402', 4),
    (13, 'MG3702', 1),
    (118, 'SP2701', 3),
    (21, 'BX0104', 5),
    (37, 'MG5501', 1),
    (20, 'SP0501', 2),
    (103, 'KR6101', 2),
    (35, 'ТКО2201', 2),
    (48, 'RK1502', 4),
    (34, 'BL1301', 1),
    (9, 'ТКО2001', 4),
    (98, 'RK1601', 3),
    (47, 'ТКО5601', 1),
    (37, 'MG3304', 1),
    (5, 'MG2901', 3),
    (115, 'MG2701', 3),
    (62, 'RK1502', 5),
    (114, 'BL1201', 1),
    (52, 'SP5801', 1),
    (104, 'BR4203', 2),
    (115, 'MG5701', 1),
    (116, 'SP2101', 5),
    (66, 'ТКО4901', 3),
    (44, 'SP2601', 5),
    (58, 'MG3302', 3),
    (8, 'KR5001', 3),
    (39, 'SP5201', 4),
    (33, 'KR6101', 4),
    (3, 'BR1701', 3),
    (15, 'SP2601', 1),
    (36, 'BX0106', 5),
    (115, 'KR5801', 1),
    (52, 'ТКО8701', 1),
    (119, 'MG1502', 4),
    (90, 'ТКО6501', 2),
    (92, 'BR4103', 2),
    (3, 'KR5201', 5),
    (51, 'ST0502', 4),
    (40, 'BR1101', 2),
    (100, 'ТКО1601', 2),
    (85, 'ST0701', 1),
    (85, 'BR2501', 2),
    (26, 'ТКО2601', 1),
    (75, 'BX0109', 3),
    (73, 'SD0301', 1),
    (43, 'SD1401', 4),
    (50, 'KR4601', 1),
    (92, 'ТКО3201', 2),
    (106, 'SP2401', 5),
    (88, 'KR6001', 5),
    (89, 'ТКО3801', 2),
    (85, 'MG3801', 1),
    (114, 'BL0801', 4),
    (1, 'BL0901', 3),
    (17, 'SP0101', 3),
    (88, 'ТКО0801', 1),
    (85, 'BR2404', 4),
    (110, 'SP4403', 1),
    (15, 'KR5401', 2),
    (30, 'KR5501', 5),
    (47, 'RK0101', 4),
    (115, 'KR5201', 2),
    (82, 'KR5701', 4),
    (87, 'MG3203', 5),
    (29, 'MG5601', 3),
    (113, 'MG5501', 1),
    (20, 'ST0502', 1),
    (16, 'BL0901', 1),
    (67, 'SP4402', 2),
    (27, '2601', 1),
    (87, 'MG0302', 1),
    (37, 'ТКО5101', 3),
    (41, 'MG3702', 3),
    (36, 'ТКО8601', 4),
    (49, 'BR4303', 2),
    (71, 'ST0301', 2),
    (108, 'SD0501', 2),
    (58, 'ТКО5201', 3),
    (43, 'ST0502', 4),
    (64, 'ТКО8201', 1),
    (91, 'KR5401', 5),
    (65, 'BL0601', 5),
    (32, 'MG3303', 5),
    (56, 'ТКО5701', 4),
    (28, 'MG5303', 3),
    (112, 'ТКО2901', 3),
    (40, 'KR5101', 3),
    (96, 'SP1101', 4),
    (18, 'ST0303', 1),
    (45, 'BX01012', 1),
    (51, 'BR4303', 3),
    (96, 'ТКО3401', 4),
    (5, 'SD1001', 3),
    (96, 'SP0501', 4),
    (99, 'SP4801', 4),
    (74, 'SP4401', 4),
    (50, 'SP3801', 3),
    (110, 'MG5201', 1),
    (101, 'MG2201', 2),
    (61, 'SP2601', 3),
    (105, 'SP2401', 4),
    (78, 'ТКО4401', 2),
    (115, 'ТКО2201', 5),
    (81, 'SP3301', 1),
    (88, 'BR2404', 5),
    (113, 'BL0901', 4),
    (85, 'ST1201', 5),
    (1, 'SP2401', 1),
    (17, 'KR4601', 2),
    (74, 'MG0302', 4),
    (112, 'BL0801', 4),
    (60, 'MG3404', 1),
    (95, 'BL0601', 4),
    (53, 'ТКО6601', 5),
    (80, 'SP4402', 3),
    (77, 'SP5901', 1),
    (104, 'SP4501', 1),
    (113, 'SP4403', 1),
    (6, 'BL1001', 1),
    (16, 'ТКО4101', 3),
    (56, 'BR4202', 3),
    (78, 'MG5201', 2),
    (100, 'MG4101', 2),
    (98, 'MG2201', 2),
    (53, 'ТКО0801', 5),
    (4, 'SP0301', 3),
    (99, 'SP5001', 5),
    (6, 'ТКО4801', 5),
    (60, 'ТКО2201', 4),
    (120, 'ТКО5801', 2),
    (23, 'SD0501', 5),
    (30, 'KR5201', 2),
    (94, 'BR1701', 4),
    (86, 'RK2106', 4),
    (57, 'SP2801', 4),
    (76, 'ТКО2701', 4),
    (72, 'RK1602', 1),
    (15, 'MG3404', 2),
    (16, 'BX01013', 1),
    (7, 'BR4104', 4),
    (59, 'MG3404', 1),
    (84, 'ТКО5901', 2),
    (46, 'ТКО4101', 3),
    (35, 'BR1701', 4),
    (111, 'BR4203', 5),
    (61, 'BX0109', 3),
    (40, 'ТКО2801', 2),
    (56, 'SD0601', 5),
    (116, 'ТКО3801', 2),
    (96, 'ST1301', 4),
    (86, 'MG1001', 2),
    (12, 'MG3703', 3),
    (24, 'MG0301', 3),
    (49, 'SP4402', 5),
    (24, 'MG5501', 2),
    (56, 'BR1102', 4),
    (90, 'ТКО5501', 4);




